headline,date,link
Daily Post Nigeria,16 seconds ago,https://dailypost.ng/
NPFL: Lobi Stars unlucky in draw against Akwa United – Agagbe,23 mins ago,https://dailypost.ng/
Fish out security operatives that assaulted AAUA students – NANS tells Aiyedatiwa,29 mins ago,https://dailypost.ng/hot-news/
NOSDRA DG Woke flays Ada George’s comments on Wike,40 mins ago,https://dailypost.ng/politics/
Ajaero: ‘Necessary step’ – Odua Peoples Assembly backs arrest of NLC President,46 mins ago,https://dailypost.ng/metro/
"NOA, NPC, UNICEF begin birth registration exercise in Akwa Ibom",1 hour ago,https://dailypost.ng/sport-news/
"Stray elephants invade Borno communities, destroy farmlands",2 hours ago,https://dailypost.ng/entertainment/
Abia’s boundary dispute with Cross River will soon be resolved – Otti,2 hours ago,https://dailypost.ng/opinion/
"Fuel increase: Abiodun warns against fare exploitation, to release 100 CNG buses",2 hours ago,https://dailypost.ng/education/
"Police arrest gateman, burglar for stealing properties worth N2m in Ogun",3 hours ago,https://dailypost.ng/health/
"Kwara Poly students issue 24-hour ultimatum to police over murder of student, Abdulqoyyum Ishola",3 hours ago,https://dailypost.ng/interview/
"Ajaero, SERAP: Abacha’s spirit has taken over Presidential Villa – Inibehe Effiong",3 hours ago,http://dailypost.com.gh/
Daily Post Nigeria,2 hours ago,https://dailypost.ng/
ASUU urges Tinubu to implement Prof Nimi Briggs committee’s agreement,2 hours ago,https://dailypost.ng/
Intervene in Kano royal crisis – Arewa community begs Tinubu,2 hours ago,https://dailypost.ng/hot-news/
Traders blame high cost of food items in Nigeria on insecurity,2 hours ago,https://dailypost.ng/politics/
"Age falsification: Civil servants manipulating court affidavits, NPC certificates – Abia Govt",2 hours ago,https://dailypost.ng/metro/
Ekiti SUBEB sanctions head teacher over illegal collection of fees,2 hours ago,https://dailypost.ng/sport-news/
Troops repel suspected IPOB terrorists attack on Ebonyi police station,3 hours ago,https://dailypost.ng/entertainment/
Edo Guber: Court upholds Kadiri as LP deputy governorship candidate,3 hours ago,https://dailypost.ng/opinion/
No request for presidential jet before Senate – Akpabio,3 hours ago,https://dailypost.ng/education/
"Reps finally grant Tinubu’s request, extend 2023 budget",3 hours ago,https://dailypost.ng/health/
Yahoo: Ten jailed for internet fraud in Kwara,4 hours ago,https://dailypost.ng/interview/
Alleged NIMC data breach under investigation — Nigerian Govt,4 hours ago,http://dailypost.com.gh/
Daily Post Nigeria,5 hours ago,https://dailypost.ng/
Reps in rowdy session over 2023 budget extension,5 hours ago,https://dailypost.ng/
Court adjourns Yahaya Bello’s arraignment as parties await decision on transfer of case,5 hours ago,https://dailypost.ng/hot-news/
Ndi Igbo has right to self-determination as last resort – Pro-Igbo group,5 hours ago,https://dailypost.ng/politics/
Tinubu seeks Senate’s approval of Tunji Bello as FCCPC boss,5 hours ago,https://dailypost.ng/metro/
Senate passes 2023 supplementary Appropriation Bill,5 hours ago,https://dailypost.ng/sport-news/
"Shun hard drugs, bad influences – Gov Otti admonishes youths in Abia",5 hours ago,https://dailypost.ng/entertainment/
Court restrains Sokoto govt from dethroning two monarchs,5 hours ago,https://dailypost.ng/opinion/
"Kwara Customs Command generates N10b in five months – Comptroller, Ojeifo",5 hours ago,https://dailypost.ng/education/
APRA sends condolences to Kenya over crisis,5 hours ago,https://dailypost.ng/health/
"Kano to create special courts to try GBV offenders, child abusers",6 hours ago,https://dailypost.ng/interview/
"US Presidential Debate: Time, place to watch Biden, Trump revealed",6 hours ago,http://dailypost.com.gh/
Daily Post Nigeria,6 hours ago,https://dailypost.ng/
"Ministry of State for Police Affairs loses mother, Aisha Sulaiman-Danladi",6 hours ago,https://dailypost.ng/
Emirate Tussle: Flag of authority hoisted at Aminu Ado Bayero’s mini palace,6 hours ago,https://dailypost.ng/hot-news/
Abia govt issues July 1st ultimatum to street traders,7 hours ago,https://dailypost.ng/politics/
Nnamdi Kanu likely to foster peace if released – Reps Deputy Spokesman,7 hours ago,https://dailypost.ng/metro/
"EFCC seeks trial of Yahaya Bello’s lawyers for professional misconduct, contempt of court",7 hours ago,https://dailypost.ng/sport-news/
"We will not allow you to destroy public universities – ASUU tells Nigerian govt, governors",8 hours ago,https://dailypost.ng/entertainment/
"Rivers explosion targeted at senators, reps on oversight function in Port Harcourt – APC chieftain, Eze",8 hours ago,https://dailypost.ng/opinion/
"Usmanu Danfodiyo Unversity Sokoto mourns Deputy VC, Saidu",8 hours ago,https://dailypost.ng/education/
University of Abuja elects Prof Aisha Sani Maikudi acting VC,8 hours ago,https://dailypost.ng/health/
Dollars can’t crash with politicians as ministers – Lawyer Idam to Tinubu,8 hours ago,https://dailypost.ng/interview/
Hardship: Why Nigerian govt needs to reopen borders for legal food imports – FCCPC,8 hours ago,http://dailypost.com.gh/
Daily Post Nigeria,9 hours ago,https://dailypost.ng/
"Move NIMC from SGF to communication ministry to prevent data breaches – Reps member, Olajide tells Tinubu",9 hours ago,https://dailypost.ng/
Israeli airstrike kills 3 on Damascus outskirts,9 hours ago,https://dailypost.ng/hot-news/
‘You have no power to query me’ – Ayilara tackles Soun of Ogbomoso,9 hours ago,https://dailypost.ng/politics/
"Minimum wage: Nigerian governors meet, promise reasonable results",9 hours ago,https://dailypost.ng/metro/
Nigerian govt inaugurates comprehensive obstetric fistula to address backlog cases,9 hours ago,https://dailypost.ng/sport-news/
Transfer my case with EFCC to Kogi – Yahaya Bello tells court,9 hours ago,https://dailypost.ng/entertainment/
"Former Konga CEO, Nick Imudia reportedly commits suicide",10 hours ago,https://dailypost.ng/opinion/
Tinubu approved my request to upgrade Ibadan Airport to international standard – Makinde,10 hours ago,https://dailypost.ng/education/
"IPOB: Southeast professionals demand repatriation of Simon Ekpa, decry persistent sit-at-home",10 hours ago,https://dailypost.ng/health/
"Alleged N83bn fraud: Ex-Kogi Gov, Yahaya Bello for arraignment today in Abuja",10 hours ago,https://dailypost.ng/interview/
"I’m not fighting anybody, just defending Rivers – Fubara",10 hours ago,http://dailypost.com.gh/
Daily Post Nigeria,11 hours ago,https://dailypost.ng/
Kenya: ‘The people have spoken’ – Ruto withdraws controversial tax bill after deadly protest,11 hours ago,https://dailypost.ng/
El-Rufai probe: Shehu Sani vows total support for Kaduna Assembly,11 hours ago,https://dailypost.ng/hot-news/
Center tasks govts on PWDs’ inclusive budget,12 hours ago,https://dailypost.ng/politics/
Bolivia service chiefs dropped after coup attempt,12 hours ago,https://dailypost.ng/metro/
"Residents in agony as Delta govt allegedly defies court order, demolishes houses",12 hours ago,https://dailypost.ng/sport-news/
Bolivia: General Zúñiga arrested after coup attempt,12 hours ago,https://dailypost.ng/entertainment/
Hajj: Soun of Ogbomoso issues query to Chief Imam,12 hours ago,https://dailypost.ng/opinion/
Ministerial screening: Reps move to make portfolio attachment mandatory,13 hours ago,https://dailypost.ng/education/
Bolivia: Democracy must be respected – President Arce reacts as troops storm presidential palace,13 hours ago,https://dailypost.ng/health/
Reps move to end Senate monopoly on confirmation of appointments,21 hours ago,https://dailypost.ng/interview/
Rivers crisis: They tried to engineer state of emergency – Fubara on failed bomb attempt,22 hours ago,http://dailypost.com.gh/
Daily Post Nigeria,22 hours ago,https://dailypost.ng/
"Strike: Details of meeting between FG, ASUU revealed",23 hours ago,https://dailypost.ng/
Police present N97.6m cheques to families of deceased officers,24 hours ago,https://dailypost.ng/hot-news/
Nigeria needs N348trn to address infrastructure development deficit – ICRC DG,24 hours ago,https://dailypost.ng/politics/
President Ruto withdraws controversial Kenyan tax bill,24 hours ago,https://dailypost.ng/metro/
I believe in local government autonomy – Gbenga Daniel,24 hours ago,https://dailypost.ng/sport-news/
Zamfara: Group educates GBV victims on access to justice,1 day ago,https://dailypost.ng/entertainment/
Hardship: Prayers have replaced medicine in most homes in Nigeria – Peter Obi,1 day ago,https://dailypost.ng/opinion/
"ASUU, Nigerian Govt in closed-door meeting as strike looms",1 day ago,https://dailypost.ng/education/
Edo: NDLEA arrests 220 suspected drug traffickers in 4 months,1 day ago,https://dailypost.ng/health/
Tinubu not discriminating against North — Shettima,1 day ago,https://dailypost.ng/interview/
Anambra community rejects inclusion in proposed ‘Orlu State’,1 day ago,http://dailypost.com.gh/
Daily Post Nigeria,1 day ago,https://dailypost.ng/
"Rivers: We are no longer doing party, we’re on a movement – Fubara",1 day ago,https://dailypost.ng/
Minimum wage: We won’t promise workers unaffordable pay –Nigerian Govt,1 day ago,https://dailypost.ng/hot-news/
Housing estate: Minister warns contractor against substandard job,1 day ago,https://dailypost.ng/politics/
"CHIVIDO2024: ‘IPOB, ESN, forced Chioma’s wedding to be held in Lagos’ – Joe Igbokwe",1 day ago,https://dailypost.ng/metro/
ASUU issues 2 weeks ultimatum to Nigerian Govt over 2009 agreement,1 day ago,https://dailypost.ng/sport-news/
Nigerian Govt urged to declare state of emergency on illicit drugs,1 day ago,https://dailypost.ng/entertainment/
Ikpeazu’s administration owed workers in tertiary institutions N16.5b — Abia govt,1 day ago,https://dailypost.ng/opinion/
Minor fire incident at our refinery has been contained – Dangote group,1 day ago,https://dailypost.ng/education/
Kano govt counters NCDC’s claim of cholera outbreak,1 day ago,https://dailypost.ng/health/
Attack on Journalists: NUJ lifts ban imposed on Ezza North LGA,1 day ago,https://dailypost.ng/interview/
Fire reportedly razes Dangote refinery [VIDEO],1 day ago,http://dailypost.com.gh/
Daily Post Nigeria,1 day ago,https://dailypost.ng/
"Kenya President, Ruto declines assenting Finance Bill 2024",1 day ago,https://dailypost.ng/
Court adjourns suit seeking Ganduje’s removal till July 5,1 day ago,https://dailypost.ng/hot-news/
"Ex-Senate President Lawan condoles VP Shettima, Ganduje over mothers in laws demise",1 day ago,https://dailypost.ng/politics/
Emirship tussle: Politicians asked Ado Bayero to fight after dethronement – Kano gov,1 day ago,https://dailypost.ng/metro/
FCTA to relocate traders from Apo mechanic village to Wassa,1 day ago,https://dailypost.ng/sport-news/
Non-payment of allowance: Nasarawa varsity ASUU threatens strike,1 day ago,https://dailypost.ng/entertainment/
Explosion: Suspect under custody – Rivers Govt confirms,1 day ago,https://dailypost.ng/opinion/
"We didn’t sue ex-Anambra gov, Obiano in US – IPOB",1 day ago,https://dailypost.ng/education/
"Emirship tussle: I’m in Kano to serve Nigerians, not personal interests – Police Commissioner, Dogo",1 day ago,https://dailypost.ng/health/
N432bn probe: El-Rufai drags Kaduna Assembly to court,1 day ago,https://dailypost.ng/interview/
Benjamin Egbaji: Protesters storm Benin Embassy in Abuja over prolonged detention of Nigerian cleric,1 day ago,http://dailypost.com.gh/
Daily Post Nigeria,1 day ago,https://dailypost.ng/
Police confirms dynamite explosion in Rivers,1 day ago,https://dailypost.ng/
Tension in Oyo Assembly over planned suspension of 11 lawmakers,1 day ago,https://dailypost.ng/hot-news/
"Sanusi: Deposed Kano Emir, Ado Bayero now private citizen – Gov Yusuf",1 day ago,https://dailypost.ng/politics/
"Benue LG poll: Ortom’s ex-aide, Tion joins race",1 day ago,https://dailypost.ng/metro/
Withheld salaries: ASUU blasts Nigerian govt over delay in payment,1 day ago,https://dailypost.ng/sport-news/
Gov Kefas approves appointment of 61 additional aides,1 day ago,https://dailypost.ng/entertainment/
"Nnamdi Kanu: IPOB can’t win referendum, Igbos prefer Nigeria – Arewa youths",1 day ago,https://dailypost.ng/opinion/
"Wike: We’ll work with Fubara in Rivers – Militant leader, Asabuja [VIDEO]",1 day ago,https://dailypost.ng/education/
Will of God is that Nigerian civil service becomes best in the world – Yemi-Esan,1 day ago,https://dailypost.ng/health/
NIS calls for border communities’ support for effective security,1 day ago,https://dailypost.ng/interview/
"Death of Customs officer: Make BP, heart tests mandatory – Shehu Sani to NASS",1 day ago,http://dailypost.com.gh/
Daily Post Nigeria,1 day ago,https://dailypost.ng/
Court orders Emefiele to forfeit $1.42m corrupt proceeds,1 day ago,https://dailypost.ng/
Drug abuse: Peter Obi urges stringent punishment for traffickers,2 days ago,https://dailypost.ng/hot-news/
Minimum Wage: Governors hold emergency meeting,2 days ago,https://dailypost.ng/politics/
"Crude Oil Controversy: Sack NNPCL MD, Kyrari now – Ethnic Nationalities Youth Leaders urge Tinubu",2 days ago,https://dailypost.ng/metro/
Police recruitment: List of successful candidates remains valid – PSC insists,2 days ago,https://dailypost.ng/sport-news/
"950, 000 women at risk of maternal deaths in Zamfara – State govt",2 days ago,https://dailypost.ng/entertainment/
Entrepreneurship: Delta govt to partner with state varsity,2 days ago,https://dailypost.ng/opinion/
"Abia Govt restricts tricycle operations hours in Aba, Umuahia",2 days ago,https://dailypost.ng/education/
Rivers crisis: Police declare ex-militant leader Gen Asabuja wanted,2 days ago,https://dailypost.ng/health/
Minimum wage: Labour to hold emergency meeting over FEC’s decision,2 days ago,https://dailypost.ng/interview/
Nnamdi Kanu moves to Appeal Court challenging Justice Nyako’s jurisdiction ruling,2 days ago,http://dailypost.com.gh/
Daily Post Nigeria,2 days ago,https://dailypost.ng/
Centre decries non-implementation of PWDs law in Edo two years after passage,2 days ago,https://dailypost.ng/
Bereaved Shettima pays condolence visit to Ganduje in Kano,2 days ago,https://dailypost.ng/hot-news/
The Kogi govt blasted as ‘anti-people’ for raising school fees,2 days ago,https://dailypost.ng/politics/
Kenyan Parliament torched as anti-tax protests escalate,2 days ago,https://dailypost.ng/metro/
"Bandits attack Zamfara community, abduct 47",2 days ago,https://dailypost.ng/sport-news/
Marwa blames porous borders for drug trafficking in West Africa,2 days ago,https://dailypost.ng/entertainment/
"ASUU stages protest, demands exclusion of lecturers from IPPIS",2 days ago,https://dailypost.ng/opinion/
"NDLEA seizes 82.6kg illicit drugs, arrests 139 in Ebonyi",2 days ago,https://dailypost.ng/education/
"Customs explains how officer, Essien died during presentation at NASS",2 days ago,https://dailypost.ng/health/
FEC okays N1.99bn to boost NDLEA operations,2 days ago,https://dailypost.ng/interview/
Kogi Govt charges 31 illegal tax collectors to court,2 days ago,http://dailypost.com.gh/
Daily Post Nigeria,2 days ago,https://dailypost.ng/
Student Loan: Nigerian Govt shifts commencement date for state universities,2 days ago,https://dailypost.ng/
Boko Haram insurgents abduct High Court judge in Borno,2 days ago,https://dailypost.ng/hot-news/
Nigerian Govt bans single-use plastics in federal MDAs,2 days ago,https://dailypost.ng/politics/
"Court dismisses lawyer’s N20bn suit against hospitals, FCT Minister over wife’s death",2 days ago,https://dailypost.ng/metro/
"Navy arrests vessel, 9 suspects over alleged threat to maritime safety",2 days ago,https://dailypost.ng/sport-news/
"Edo: Police raid gun factory, arrest suspects",2 days ago,https://dailypost.ng/entertainment/
CHIVIDO 2024: ’37 rainmakers holding rain from disrupting wedding’ – BBNaija Tochi alleges,2 days ago,https://dailypost.ng/opinion/
"Bandits attack mosque, kill two in Zamfara",2 days ago,https://dailypost.ng/education/
Alleged procurement fraud: Court adjourns Emefiele’s trial till Oct. 22,2 days ago,https://dailypost.ng/health/
"Tinubu paying lip service to our demands –ASUU alleges, threatens strike",2 days ago,https://dailypost.ng/interview/
"Don’t use Nnamdi Kanu’s detention for economic gain – Deputy Speaker, Kalu warns",2 days ago,http://dailypost.com.gh/
Daily Post Nigeria,2 days ago,https://dailypost.ng/
EFCC opens money laundering case against ex-gov Obiano with two witnesses,2 days ago,https://dailypost.ng/
"NLC officials picket LP headquarters, demand Abure’s resignation",2 days ago,https://dailypost.ng/hot-news/
Govt intervenes as IPMAN’s strike causes acute fuel shortage in Adamawa,2 days ago,https://dailypost.ng/politics/
Tinubu to consult further on appropriate national minimum wage,2 days ago,https://dailypost.ng/metro/
Customs officer dies during appearance before Reps panel,2 days ago,https://dailypost.ng/sport-news/
"Rivers Crisis: Intervene, end it now – Clark to Tinubu",2 days ago,https://dailypost.ng/entertainment/
Ebonyi govt to partner Nigerian Army on security,2 days ago,https://dailypost.ng/opinion/
"Charismatic Bishops conference wades into NLC, FG minimum wage, electricity tariff",2 days ago,https://dailypost.ng/education/
"IPMAN Strike: Petrol price hits N2,000 per liter in Adamawa",2 days ago,https://dailypost.ng/health/
Tinubu presides over FEC meeting,2 days ago,https://dailypost.ng/interview/
We’re not recruiting jihadists – Nigerian Army denies allegations,2 days ago,http://dailypost.com.gh/
Daily Post Nigeria,2 days ago,https://dailypost.ng/
"Rivers Crisis: Intervene, end it now – Clark to Tinubu",2 days ago,https://dailypost.ng/
Ebonyi govt to partner Nigerian Army on security,3 days ago,https://dailypost.ng/hot-news/
"Charismatic Bishops conference wades into NLC, FG minimum wage, electricity tariff",3 days ago,https://dailypost.ng/politics/
"IPMAN Strike: Petrol price hits N2,000 per liter in Adamawa",3 days ago,https://dailypost.ng/metro/
Tinubu presides over FEC meeting,3 days ago,https://dailypost.ng/sport-news/
We’re not recruiting jihadists – Nigerian Army denies allegations,3 days ago,https://dailypost.ng/entertainment/
"Southern Govs back Lagos-Calabar Highway, say road will impact region positively",3 days ago,https://dailypost.ng/opinion/
"Fake news, misinformation disastrous as terrorism –Information Minister",3 days ago,https://dailypost.ng/education/
Adamawa Christian Pilgrims Welfare Board reconstituted,3 days ago,https://dailypost.ng/health/
"Group warns Northern leaders against politicising traditional, religious institutions",3 days ago,https://dailypost.ng/interview/
UCTH should help discourage foreign medical tourism – Gov Otu advises,3 days ago,http://dailypost.com.gh/
Daily Post Nigeria,2 days ago,https://dailypost.ng/
"‘Alison-Madueke had yacht she rented to Jay-Z, Beyoncé’ – Sowore alleges",2 days ago,https://dailypost.ng/
"Senior lawyer, Ndarani seeks removal of immunity from Nigerian Presidents, Govs",2 days ago,https://dailypost.ng/hot-news/
No Cholera outbreak in Bauchi – Commissioner insists,2 days ago,https://dailypost.ng/politics/
"FAAN introduces armed unit at airports to tackle thuggery, extortion",2 days ago,https://dailypost.ng/metro/
"CHIVIDO 2024: Dele Momodu congratulates Davido, Chioma",2 days ago,https://dailypost.ng/sport-news/
Pro-Wike politicians in Obio/Akpor stage protest,2 days ago,https://dailypost.ng/entertainment/
Naira abuse: Court strikes out charge against Cubana Chief Priest,2 days ago,https://dailypost.ng/opinion/
Suit challenging Benue Public Order Law set for hearing on July 8,2 days ago,https://dailypost.ng/education/
"WikiLeaks founder, Assange released from UK prison",2 days ago,https://dailypost.ng/health/
"Recruitment: Work in harmony – Former IGP Okiro urges PSC, Police",2 days ago,https://dailypost.ng/interview/
"Tinubu’s student loan, coastal highway project were my ideas – Sowore",2 days ago,http://dailypost.com.gh/
Daily Post Nigeria,2 days ago,https://dailypost.ng/
Sultan: Always verify your facts before reacting – Sokoto Govt to Shettima,2 days ago,https://dailypost.ng/
"Banditry: Gov Lawal, others attend first Northwest security summit",2 days ago,https://dailypost.ng/hot-news/
Cholera outbreak: NCDC activates national emergency operations centre,2 days ago,https://dailypost.ng/politics/
No plot to dethrone Sultan – Sokoto govt,2 days ago,https://dailypost.ng/metro/
"Post-Insurgency: Yobe, Borno, Adamawa govs embark on study tour to Pakistan",3 days ago,https://dailypost.ng/sport-news/
Traditional institutions must be protected from state govt’s excesses – Atiku,3 days ago,https://dailypost.ng/entertainment/
"Again, Nigerian pilgrim returns €1,750 lost in Saudi",3 days ago,https://dailypost.ng/opinion/
"Gov AbdulRazaq reacts as former Benue Military Gov, Lawal dies",3 days ago,https://dailypost.ng/education/
We won’t allow insecurity to define our region – Gov Radda,3 days ago,https://dailypost.ng/health/
"Tinubu appoints Olatunji Bello CEO, Vice Chairman of FCCPC",3 days ago,https://dailypost.ng/interview/
Insecurity will not affect your investment – Niger Govt assures investors,3 days ago,http://dailypost.com.gh/
Daily Post Nigeria,3 days ago,https://dailypost.ng/
"Tinubu appoints Olatunji Bello CEO, Vice Chairman of FCCPC",3 days ago,https://dailypost.ng/
Insecurity will not affect your investment – Niger Govt assures investors,3 days ago,https://dailypost.ng/hot-news/
Fuel shortage hits Adamawa as IPMAN closes filling stations,3 days ago,https://dailypost.ng/politics/
Court fixes July 8 to hear suit challenging Benue Public Order Law,3 days ago,https://dailypost.ng/metro/
Court acquits ex-Rep declared wanted by Wike of criminal charges,3 days ago,https://dailypost.ng/sport-news/
Cholera: Avoid unregistered beverages – Lagos Govt warns,3 days ago,https://dailypost.ng/entertainment/
Tinubu condoles with VP Shettima over passing of mother-in-law,3 days ago,https://dailypost.ng/opinion/
Admissions: JAMB to reveal date to announce cut-off marks,3 days ago,https://dailypost.ng/education/
N30trn Ways and Means: Senate says investigation not stalled,3 days ago,https://dailypost.ng/health/
FCT: Police confirm arrest of killers of retired Army General,3 days ago,https://dailypost.ng/interview/
Abiodun emerges Chairman of Southern Governors Forum,3 days ago,http://dailypost.com.gh/
Daily Post Nigeria,3 days ago,https://dailypost.ng/
"Alleged money laundering: Court acquits former Lagos Speaker, Ikuforiji",3 days ago,https://dailypost.ng/
Insecurity: We’re winning war against criminals – Tinubu,3 days ago,https://dailypost.ng/hot-news/
State Congresses: Benue PDP commences sale of forms,3 days ago,https://dailypost.ng/politics/
"AAU: ASUU rejects 8 months salaries payment claim, says staff owed 29 months",3 days ago,https://dailypost.ng/metro/
ICPC arraigns dismissed NECO staff over alleged certificate forgery,3 days ago,https://dailypost.ng/sport-news/
Bamise Ayanwole: Absence of BRT driver stalls murder trial,3 days ago,https://dailypost.ng/entertainment/
Group urges NOSDRA DG to tackle environmental issues in Akwa Ibom,3 days ago,https://dailypost.ng/opinion/
"Southeast youths attribute food scarcity to open grazing, banditry",3 days ago,https://dailypost.ng/education/
Buhari ‘lavished’ $100m World Bank women empowerment loan on meetings – Minister,3 days ago,https://dailypost.ng/health/
Benue: I inherited N359bn salary arrears – Gov Alia,3 days ago,https://dailypost.ng/interview/
Stakeholders ask AGF to take over probe of allegations against Nigerian Copyright Commission DG,3 days ago,http://dailypost.com.gh/
Daily Post Nigeria,3 days ago,https://dailypost.ng/
"Kano court adjourns suit seeking removal of Bayero, others",3 days ago,https://dailypost.ng/
Alleged plan to depose Sultan of Sokoto will cause more harm -Islamic cleric,3 days ago,https://dailypost.ng/hot-news/
Lawmaker refutes report over his position on Samoa agreement,3 days ago,https://dailypost.ng/politics/
NRFF set to introduce Rugby game in Kogi,3 days ago,https://dailypost.ng/metro/
Madakin Shabu regains freedom from abductors after N15M ransom payment,3 days ago,https://dailypost.ng/sport-news/
"Ogun records 25 suspected cholera cases, 1 death in seven LGAs",3 days ago,https://dailypost.ng/entertainment/
12 southern governors meet in Ogun State,3 days ago,https://dailypost.ng/opinion/
"Sultan of Sokoto must be guarded jealously – VP, Shettima",3 days ago,https://dailypost.ng/education/
Rivers Crisis: No vacancy in my LGA – Ex-Rivers chairman protests despite police order,3 days ago,https://dailypost.ng/health/
Why executive jets when Nigerians are suffering – PRP lambasts Presidency,3 days ago,https://dailypost.ng/interview/
"Snake, donkey meats flood Calabar markets as high cost of beef persists",3 days ago,http://dailypost.com.gh/
